Family,SeqIdx,MaxID,MinSubs,SeqLen
RRM,1,0.49295774647887325,36,71
RRM,2,0.5070422535211268,35,71
RRM,3,0.5492957746478874,32,71
RRM,4,0.4647887323943662,38,71
RRM,5,0.5915492957746479,29,71
RRM,6,0.6056338028169014,28,71
RRM,7,0.5915492957746479,29,71
RRM,8,0.4788732394366197,37,71
RRM,9,0.4788732394366197,37,71
RRM,10,0.5070422535211268,35,71
RRM,11,0.5352112676056338,33,71
RRM,12,0.5774647887323944,30,71
RRM,13,0.5492957746478874,32,71
RRM,14,0.676056338028169,23,71
RRM,15,0.5070422535211268,35,71
RRM,16,0.43661971830985913,40,71
RRM,17,0.5070422535211268,35,71
RRM,18,0.4788732394366197,37,71
RRM,19,0.49295774647887325,36,71
RRM,20,0.5352112676056338,33,71
RRM,21,0.5211267605633803,34,71
RRM,22,0.4647887323943662,38,71
RRM,23,0.4788732394366197,37,71
RRM,24,0.6338028169014085,26,71
RRM,25,0.5774647887323944,30,71
RRM,26,0.49295774647887325,36,71
RRM,27,0.5211267605633803,34,71
RRM,28,0.6056338028169014,28,71
RRM,29,0.4647887323943662,38,71
RRM,30,0.43661971830985913,40,71
RRM,31,0.5352112676056338,33,71
RRM,32,0.4647887323943662,38,71
RRM,33,0.5211267605633803,34,71
RRM,34,0.4647887323943662,38,71
RRM,35,0.5070422535211268,35,71
RRM,36,0.5492957746478874,32,71
RRM,37,0.5070422535211268,35,71
RRM,38,0.676056338028169,23,71
RRM,39,0.5492957746478874,32,71
RRM,40,0.5352112676056338,33,71
RRM,41,0.5070422535211268,35,71
RRM,42,0.49295774647887325,36,71
RRM,43,0.6197183098591549,27,71
RRM,44,0.4507042253521127,39,71
RRM,45,0.4788732394366197,37,71
RRM,46,0.5352112676056338,33,71
RRM,47,0.49295774647887325,36,71
RRM,48,0.6619718309859155,24,71
RRM,49,0.6197183098591549,27,71
RRM,50,0.49295774647887325,36,71
RRM,51,0.5633802816901409,31,71
RRM,52,0.49295774647887325,36,71
RRM,53,0.5492957746478874,32,71
RRM,54,0.5774647887323944,30,71
RRM,55,0.5070422535211268,35,71
RRM,56,0.6338028169014085,26,71
RRM,57,0.5352112676056338,33,71
RRM,58,0.5633802816901409,31,71
RRM,59,0.5211267605633803,34,71
RRM,60,0.6338028169014085,26,71
RRM,61,0.5492957746478874,32,71
RRM,62,0.5070422535211268,35,71
RRM,63,0.5633802816901409,31,71
RRM,64,0.49295774647887325,36,71
RRM,65,0.5352112676056338,33,71
RRM,66,0.4788732394366197,37,71
RRM,67,0.5352112676056338,33,71
RRM,68,0.5211267605633803,34,71
RRM,69,0.5633802816901409,31,71
RRM,70,0.49295774647887325,36,71
RRM,71,0.5774647887323944,30,71
RRM,72,0.4788732394366197,37,71
RRM,73,0.647887323943662,25,71
RRM,74,0.5352112676056338,33,71
RRM,75,0.5915492957746479,29,71
RRM,76,0.5492957746478874,32,71
RRM,77,0.4647887323943662,38,71
RRM,78,0.5070422535211268,35,71
RRM,79,0.5352112676056338,33,71
RRM,80,0.5633802816901409,31,71
RRM,81,0.5070422535211268,35,71
RRM,82,0.5915492957746479,29,71
RRM,83,0.4788732394366197,37,71
RRM,84,0.4788732394366197,37,71
RRM,85,0.5915492957746479,29,71
RRM,86,0.49295774647887325,36,71
RRM,87,0.4788732394366197,37,71
RRM,88,0.5211267605633803,34,71
RRM,89,0.4647887323943662,38,71
RRM,90,0.6619718309859155,24,71
RRM,91,0.49295774647887325,36,71
RRM,92,0.4788732394366197,37,71
RRM,93,0.4647887323943662,38,71
RRM,94,0.5211267605633803,34,71
RRM,95,0.5070422535211268,35,71
RRM,96,0.5915492957746479,29,71
RRM,97,0.5915492957746479,29,71
RRM,98,0.49295774647887325,36,71
RRM,99,0.5915492957746479,29,71
RRM,100,0.4788732394366197,37,71
RRM,101,0.5070422535211268,35,71
RRM,102,0.7183098591549296,20,71
RRM,103,0.6197183098591549,27,71
RRM,104,0.5211267605633803,34,71
RRM,105,0.5633802816901409,31,71
RRM,106,0.5915492957746479,29,71
RRM,107,0.6056338028169014,28,71
RRM,108,0.647887323943662,25,71
RRM,109,0.5774647887323944,30,71
RRM,110,0.5492957746478874,32,71
RRM,111,0.49295774647887325,36,71
RRM,112,0.5352112676056338,33,71
RRM,113,0.5352112676056338,33,71
RRM,114,0.5211267605633803,34,71
RRM,115,0.5211267605633803,34,71
RRM,116,0.5352112676056338,33,71
RRM,117,0.5774647887323944,30,71
RRM,118,0.7605633802816901,17,71
RRM,119,0.6056338028169014,28,71
RRM,120,0.4647887323943662,38,71
RRM,121,0.676056338028169,23,71
RRM,122,0.49295774647887325,36,71
RRM,123,0.5211267605633803,34,71
RRM,124,0.5352112676056338,33,71
RRM,125,0.5211267605633803,34,71
RRM,126,0.49295774647887325,36,71
RRM,127,0.5070422535211268,35,71
RRM,128,0.5070422535211268,35,71
RRM,129,0.5492957746478874,32,71
RRM,130,0.5774647887323944,30,71
RRM,131,0.4788732394366197,37,71
RRM,132,0.5070422535211268,35,71
RRM,133,0.5211267605633803,34,71
RRM,134,0.5352112676056338,33,71
RRM,135,0.6056338028169014,28,71
RRM,136,0.5492957746478874,32,71
RRM,137,0.6338028169014085,26,71
RRM,138,0.5915492957746479,29,71
RRM,139,0.4507042253521127,39,71
RRM,140,0.43661971830985913,40,71
RRM,141,0.5211267605633803,34,71
RRM,142,0.4647887323943662,38,71
RRM,143,0.5070422535211268,35,71
RRM,144,0.4788732394366197,37,71
RRM,145,0.4788732394366197,37,71
RRM,146,0.5070422535211268,35,71
RRM,147,0.5211267605633803,34,71
RRM,148,0.647887323943662,25,71
RRM,149,0.5352112676056338,33,71
RRM,150,0.7323943661971831,19,71
SH3,1,0.6875,15,48
SH3,2,0.625,18,48
SH3,3,0.5833333333333334,20,48
SH3,4,0.6041666666666666,19,48
SH3,5,0.6041666666666666,19,48
SH3,6,0.5833333333333334,20,48
SH3,7,0.5625,21,48
SH3,8,0.5625,21,48
SH3,9,0.625,18,48
SH3,10,0.5833333333333334,20,48
SH3,11,0.5625,21,48
SH3,12,0.5833333333333334,20,48
SH3,13,0.5625,21,48
SH3,14,0.5625,21,48
SH3,15,0.625,18,48
SH3,16,0.5625,21,48
SH3,17,0.5625,21,48
SH3,18,0.5416666666666666,22,48
SH3,19,0.5208333333333334,23,48
SH3,20,0.625,18,48
SH3,21,0.5416666666666666,22,48
SH3,22,0.5625,21,48
SH3,23,0.5416666666666666,22,48
SH3,24,0.7916666666666666,10,48
SH3,25,0.5833333333333334,20,48
SH3,26,0.6041666666666666,19,48
SH3,27,0.5833333333333334,20,48
SH3,28,0.5208333333333334,23,48
SH3,29,0.5833333333333334,20,48
SH3,30,0.5833333333333334,20,48
SH3,31,0.7083333333333334,14,48
SH3,32,0.5208333333333334,23,48
SH3,33,0.6041666666666666,19,48
SH3,34,0.7708333333333334,11,48
SH3,35,0.5625,21,48
SH3,36,0.7083333333333334,14,48
SH3,37,0.6458333333333334,17,48
SH3,38,0.5833333333333334,20,48
SH3,39,0.6875,15,48
SH3,40,0.6041666666666666,19,48
SH3,41,0.5625,21,48
SH3,42,0.5625,21,48
SH3,43,0.5625,21,48
SH3,44,0.5833333333333334,20,48
SH3,45,0.5,24,48
SH3,46,0.5,24,48
SH3,47,0.5833333333333334,20,48
SH3,48,0.4791666666666667,25,48
SH3,49,0.5,24,48
SH3,50,0.625,18,48
SH3,51,0.7916666666666666,10,48
SH3,52,0.5833333333333334,20,48
SH3,53,0.5416666666666666,22,48
SH3,54,0.6875,15,48
SH3,55,0.5416666666666666,22,48
SH3,56,0.5416666666666666,22,48
SH3,57,0.6875,15,48
SH3,58,0.5416666666666666,22,48
SH3,59,0.6041666666666666,19,48
SH3,60,0.6458333333333334,17,48
SH3,61,0.4583333333333333,26,48
SH3,62,0.625,18,48
SH3,63,0.6041666666666666,19,48
SH3,64,0.6458333333333334,17,48
SH3,65,0.5833333333333334,20,48
SH3,66,0.5208333333333334,23,48
SH3,67,0.5625,21,48
SH3,68,0.5416666666666666,22,48
SH3,69,0.5833333333333334,20,48
SH3,70,0.5833333333333334,20,48
SH3,71,0.5,24,48
SH3,72,0.5208333333333334,23,48
SH3,73,0.5416666666666666,22,48
SH3,74,0.6458333333333334,17,48
SH3,75,0.5416666666666666,22,48
SH3,76,0.5208333333333334,23,48
SH3,77,0.5,24,48
SH3,78,0.5416666666666666,22,48
SH3,79,0.625,18,48
SH3,80,0.5416666666666666,22,48
SH3,81,0.6666666666666666,16,48
SH3,82,0.5625,21,48
SH3,83,0.7291666666666666,13,48
SH3,84,0.5416666666666666,22,48
SH3,85,0.7291666666666666,13,48
SH3,86,0.5416666666666666,22,48
SH3,87,0.6041666666666666,19,48
SH3,88,0.5208333333333334,23,48
SH3,89,0.5833333333333334,20,48
SH3,90,0.5625,21,48
SH3,91,0.5625,21,48
SH3,92,0.5625,21,48
SH3,93,0.625,18,48
SH3,94,0.5625,21,48
SH3,95,0.5416666666666666,22,48
SH3,96,0.5625,21,48
SH3,97,0.5833333333333334,20,48
SH3,98,0.5,24,48
SH3,99,0.5416666666666666,22,48
SH3,100,0.6041666666666666,19,48
SH3,101,0.6875,15,48
SH3,102,0.6041666666666666,19,48
SH3,103,0.5833333333333334,20,48
SH3,104,0.5416666666666666,22,48
SH3,105,0.7083333333333334,14,48
SH3,106,0.5,24,48
SH3,107,0.5625,21,48
SH3,108,0.5833333333333334,20,48
SH3,109,0.5625,21,48
SH3,110,0.6041666666666666,19,48
SH3,111,0.5208333333333334,23,48
SH3,112,0.5833333333333334,20,48
SH3,113,0.8125,9,48
SH3,114,0.5833333333333334,20,48
SH3,115,0.5625,21,48
SH3,116,0.5625,21,48
SH3,117,0.5833333333333334,20,48
SH3,118,0.5625,21,48
SH3,119,0.5625,21,48
SH3,120,0.5625,21,48
SH3,121,0.5416666666666666,22,48
SH3,122,0.5416666666666666,22,48
SH3,123,0.7083333333333334,14,48
SH3,124,0.5,24,48
SH3,125,0.6041666666666666,19,48
SH3,126,0.5833333333333334,20,48
SH3,127,0.5833333333333334,20,48
SH3,128,0.5833333333333334,20,48
SH3,129,0.6666666666666666,16,48
SH3,130,0.6666666666666666,16,48
SH3,131,0.5208333333333334,23,48
SH3,132,0.5833333333333334,20,48
SH3,133,0.5416666666666666,22,48
SH3,134,0.6666666666666666,16,48
SH3,135,0.6041666666666666,19,48
SH3,136,0.5625,21,48
SH3,137,0.5625,21,48
SH3,138,0.6458333333333334,17,48
SH3,139,0.6875,15,48
SH3,140,0.6458333333333334,17,48
SH3,141,0.7083333333333334,14,48
SH3,142,0.7083333333333334,14,48
SH3,143,0.5833333333333334,20,48
SH3,144,0.7916666666666666,10,48
SH3,145,0.5625,21,48
SH3,146,0.6875,15,48
SH3,147,0.5,24,48
SH3,148,0.5625,21,48
SH3,149,0.7083333333333334,14,48
SH3,150,0.7291666666666666,13,48
WW,1,0.5161290322580645,15,31
WW,2,0.7096774193548387,9,31
WW,3,0.5483870967741935,14,31
WW,4,0.4838709677419355,16,31
WW,5,0.6129032258064516,12,31
WW,6,0.5806451612903226,13,31
WW,7,0.5483870967741935,14,31
WW,8,0.5806451612903226,13,31
WW,9,0.5806451612903226,13,31
WW,10,0.5806451612903226,13,31
WW,11,0.5161290322580645,15,31
WW,12,0.5806451612903226,13,31
WW,13,0.5161290322580645,15,31
WW,14,0.5483870967741935,14,31
WW,15,0.5806451612903226,13,31
WW,16,0.6129032258064516,12,31
WW,17,0.5161290322580645,15,31
WW,18,0.5806451612903226,13,31
WW,19,0.5483870967741935,14,31
WW,20,0.5483870967741935,14,31
WW,21,0.4838709677419355,16,31
WW,22,0.5483870967741935,14,31
WW,23,0.5806451612903226,13,31
WW,24,0.5161290322580645,15,31
WW,25,0.5806451612903226,13,31
WW,26,0.6451612903225806,11,31
WW,27,0.5161290322580645,15,31
WW,28,0.5483870967741935,14,31
WW,29,0.5483870967741935,14,31
WW,30,0.4838709677419355,16,31
WW,31,0.5483870967741935,14,31
WW,32,0.5483870967741935,14,31
WW,33,0.5161290322580645,15,31
WW,34,0.5806451612903226,13,31
WW,35,0.5806451612903226,13,31
WW,36,0.5483870967741935,14,31
WW,37,0.5161290322580645,15,31
WW,38,0.5161290322580645,15,31
WW,39,0.6129032258064516,12,31
WW,40,0.5806451612903226,13,31
WW,41,0.5483870967741935,14,31
WW,42,0.6774193548387096,10,31
WW,43,0.5483870967741935,14,31
WW,44,0.5806451612903226,13,31
WW,45,0.6451612903225806,11,31
WW,46,0.4838709677419355,16,31
WW,47,0.5806451612903226,13,31
WW,48,0.5161290322580645,15,31
WW,49,0.4838709677419355,16,31
WW,50,0.5806451612903226,13,31
WW,51,0.5483870967741935,14,31
WW,52,0.5483870967741935,14,31
WW,53,0.6129032258064516,12,31
WW,54,0.5806451612903226,13,31
WW,55,0.6129032258064516,12,31
WW,56,0.4838709677419355,16,31
WW,57,0.5806451612903226,13,31
WW,58,0.5806451612903226,13,31
WW,59,0.5806451612903226,13,31
WW,60,0.5483870967741935,14,31
WW,61,0.5161290322580645,15,31
WW,62,0.5161290322580645,15,31
WW,63,0.5483870967741935,14,31
WW,64,0.5806451612903226,13,31
WW,65,0.5483870967741935,14,31
WW,66,0.5806451612903226,13,31
WW,67,0.5806451612903226,13,31
WW,68,0.5483870967741935,14,31
WW,69,0.6774193548387096,10,31
WW,70,0.6129032258064516,12,31
WW,71,0.6129032258064516,12,31
WW,72,0.6129032258064516,12,31
WW,73,0.4838709677419355,16,31
WW,74,0.6451612903225806,11,31
WW,75,0.5161290322580645,15,31
WW,76,0.4838709677419355,16,31
WW,77,0.4838709677419355,16,31
WW,78,0.4838709677419355,16,31
WW,79,0.5161290322580645,15,31
WW,80,0.5806451612903226,13,31
WW,81,0.5483870967741935,14,31
WW,82,0.4838709677419355,16,31
WW,83,0.4838709677419355,16,31
WW,84,0.5161290322580645,15,31
WW,85,0.45161290322580644,17,31
WW,86,0.5806451612903226,13,31
WW,87,0.5483870967741935,14,31
WW,88,0.5806451612903226,13,31
WW,89,0.5161290322580645,15,31
WW,90,0.5806451612903226,13,31
WW,91,0.5161290322580645,15,31
WW,92,0.5161290322580645,15,31
WW,93,0.5161290322580645,15,31
WW,94,0.5806451612903226,13,31
WW,95,0.5483870967741935,14,31
WW,96,0.6129032258064516,12,31
WW,97,0.5483870967741935,14,31
WW,98,0.4838709677419355,16,31
WW,99,0.6129032258064516,12,31
WW,100,0.6774193548387096,10,31
WW,101,0.5483870967741935,14,31
WW,102,0.5483870967741935,14,31
WW,103,0.5483870967741935,14,31
WW,104,0.6451612903225806,11,31
WW,105,0.6129032258064516,12,31
WW,106,0.6129032258064516,12,31
WW,107,0.5806451612903226,13,31
WW,108,0.4838709677419355,16,31
WW,109,0.6129032258064516,12,31
WW,110,0.5483870967741935,14,31
WW,111,0.6451612903225806,11,31
WW,112,0.5806451612903226,13,31
WW,113,0.5161290322580645,15,31
WW,114,0.6774193548387096,10,31
WW,115,0.5161290322580645,15,31
WW,116,0.4838709677419355,16,31
WW,117,0.5483870967741935,14,31
WW,118,0.6129032258064516,12,31
WW,119,0.6774193548387096,10,31
WW,120,0.5806451612903226,13,31
WW,121,0.5806451612903226,13,31
WW,122,0.6129032258064516,12,31
WW,123,0.5483870967741935,14,31
WW,124,0.6129032258064516,12,31
WW,125,0.5806451612903226,13,31
WW,126,0.5483870967741935,14,31
WW,127,0.5161290322580645,15,31
WW,128,0.5161290322580645,15,31
WW,129,0.5483870967741935,14,31
WW,130,0.5161290322580645,15,31
WW,131,0.6774193548387096,10,31
WW,132,0.5483870967741935,14,31
WW,133,0.5483870967741935,14,31
WW,134,0.5806451612903226,13,31
WW,135,0.6774193548387096,10,31
WW,136,0.5806451612903226,13,31
WW,137,0.6129032258064516,12,31
WW,138,0.5161290322580645,15,31
WW,139,0.4838709677419355,16,31
WW,140,0.7096774193548387,9,31
WW,141,0.5161290322580645,15,31
WW,142,0.5806451612903226,13,31
WW,143,0.4838709677419355,16,31
WW,144,0.6129032258064516,12,31
WW,145,0.6451612903225806,11,31
WW,146,0.5483870967741935,14,31
WW,147,0.5161290322580645,15,31
WW,148,0.5161290322580645,15,31
WW,149,0.5806451612903226,13,31
WW,150,0.6129032258064516,12,31
Kunitz,1,0.5660377358490566,23,53
Kunitz,2,0.6037735849056604,21,53
Kunitz,3,0.5660377358490566,23,53
Kunitz,4,0.6226415094339622,20,53
Kunitz,5,0.5660377358490566,23,53
Kunitz,6,0.7358490566037735,14,53
Kunitz,7,0.6037735849056604,21,53
Kunitz,8,0.5849056603773585,22,53
Kunitz,9,0.6037735849056604,21,53
Kunitz,10,0.660377358490566,18,53
Kunitz,11,0.5471698113207547,24,53
Kunitz,12,0.5849056603773585,22,53
Kunitz,13,0.5471698113207547,24,53
Kunitz,14,0.5471698113207547,24,53
Kunitz,15,0.660377358490566,18,53
Kunitz,16,0.5471698113207547,24,53
Kunitz,17,0.5849056603773585,22,53
Kunitz,18,0.6037735849056604,21,53
Kunitz,19,0.6037735849056604,21,53
Kunitz,20,0.5849056603773585,22,53
Kunitz,21,0.5660377358490566,23,53
Kunitz,22,0.6981132075471698,16,53
Kunitz,23,0.5660377358490566,23,53
Kunitz,24,0.5283018867924528,25,53
Kunitz,25,0.5660377358490566,23,53
Kunitz,26,0.6792452830188679,17,53
Kunitz,27,0.6415094339622641,19,53
Kunitz,28,0.6792452830188679,17,53
Kunitz,29,0.5471698113207547,24,53
Kunitz,30,0.660377358490566,18,53
Kunitz,31,0.5660377358490566,23,53
Kunitz,32,0.5849056603773585,22,53
Kunitz,33,0.6037735849056604,21,53
Kunitz,34,0.5849056603773585,22,53
Kunitz,35,0.6226415094339622,20,53
Kunitz,36,0.6792452830188679,17,53
Kunitz,37,0.5660377358490566,23,53
Kunitz,38,0.6415094339622641,19,53
Kunitz,39,0.5660377358490566,23,53
Kunitz,40,0.6226415094339622,20,53
Kunitz,41,0.6226415094339622,20,53
Kunitz,42,0.5849056603773585,22,53
Kunitz,43,0.5283018867924528,25,53
Kunitz,44,0.6226415094339622,20,53
Kunitz,45,0.6037735849056604,21,53
Kunitz,46,0.5660377358490566,23,53
Kunitz,47,0.6792452830188679,17,53
Kunitz,48,0.5849056603773585,22,53
Kunitz,49,0.5471698113207547,24,53
Kunitz,50,0.5849056603773585,22,53
Kunitz,51,0.6415094339622641,19,53
Kunitz,52,0.5849056603773585,22,53
Kunitz,53,0.5849056603773585,22,53
Kunitz,54,0.5849056603773585,22,53
Kunitz,55,0.5471698113207547,24,53
Kunitz,56,0.6226415094339622,20,53
Kunitz,57,0.6415094339622641,19,53
Kunitz,58,0.5660377358490566,23,53
Kunitz,59,0.6226415094339622,20,53
Kunitz,60,0.5849056603773585,22,53
Kunitz,61,0.7169811320754716,15,53
Kunitz,62,0.6415094339622641,19,53
Kunitz,63,0.6226415094339622,20,53
Kunitz,64,0.5849056603773585,22,53
Kunitz,65,0.5660377358490566,23,53
Kunitz,66,0.6415094339622641,19,53
Kunitz,67,0.660377358490566,18,53
Kunitz,68,0.5471698113207547,24,53
Kunitz,69,0.5849056603773585,22,53
Kunitz,70,0.5849056603773585,22,53
Kunitz,71,0.5849056603773585,22,53
Kunitz,72,0.7169811320754716,15,53
Kunitz,73,0.6981132075471698,16,53
Kunitz,74,0.6226415094339622,20,53
Kunitz,75,0.6037735849056604,21,53
Kunitz,76,0.5849056603773585,22,53
Kunitz,77,0.5660377358490566,23,53
Kunitz,78,0.6037735849056604,21,53
Kunitz,79,0.6226415094339622,20,53
Kunitz,80,0.6037735849056604,21,53
Kunitz,81,0.6415094339622641,19,53
Kunitz,82,0.5660377358490566,23,53
Kunitz,83,0.5849056603773585,22,53
Kunitz,84,0.5660377358490566,23,53
Kunitz,85,0.5471698113207547,24,53
Kunitz,86,0.7169811320754716,15,53
Kunitz,87,0.6226415094339622,20,53
Kunitz,88,0.6415094339622641,19,53
Kunitz,89,0.5849056603773585,22,53
Kunitz,90,0.6981132075471698,16,53
Kunitz,91,0.5849056603773585,22,53
Kunitz,92,0.5283018867924528,25,53
Kunitz,93,0.6415094339622641,19,53
Kunitz,94,0.5849056603773585,22,53
Kunitz,95,0.6226415094339622,20,53
Kunitz,96,0.5849056603773585,22,53
Kunitz,97,0.6981132075471698,16,53
Kunitz,98,0.6037735849056604,21,53
Kunitz,99,0.6226415094339622,20,53
Kunitz,100,0.5471698113207547,24,53
Kunitz,101,0.7169811320754716,15,53
Kunitz,102,0.5660377358490566,23,53
Kunitz,103,0.5849056603773585,22,53
Kunitz,104,0.5849056603773585,22,53
Kunitz,105,0.7735849056603774,12,53
Kunitz,106,0.5849056603773585,22,53
Kunitz,107,0.6226415094339622,20,53
Kunitz,108,0.5471698113207547,24,53
Kunitz,109,0.5660377358490566,23,53
Kunitz,110,0.6415094339622641,19,53
Kunitz,111,0.5849056603773585,22,53
Kunitz,112,0.6226415094339622,20,53
Kunitz,113,0.6226415094339622,20,53
Kunitz,114,0.5660377358490566,23,53
Kunitz,115,0.6226415094339622,20,53
Kunitz,116,0.5471698113207547,24,53
Kunitz,117,0.5094339622641509,26,53
Kunitz,118,0.5849056603773585,22,53
Kunitz,119,0.6792452830188679,17,53
Kunitz,120,0.6037735849056604,21,53
Kunitz,121,0.5849056603773585,22,53
Kunitz,122,0.5849056603773585,22,53
Kunitz,123,0.5471698113207547,24,53
Kunitz,124,0.6226415094339622,20,53
Kunitz,125,0.6226415094339622,20,53
Kunitz,126,0.5660377358490566,23,53
Kunitz,127,0.6037735849056604,21,53
Kunitz,128,0.6792452830188679,17,53
Kunitz,129,0.660377358490566,18,53
Kunitz,130,0.5849056603773585,22,53
Kunitz,131,0.7169811320754716,15,53
Kunitz,132,0.6981132075471698,16,53
Kunitz,133,0.660377358490566,18,53
Kunitz,134,0.6037735849056604,21,53
Kunitz,135,0.6037735849056604,21,53
Kunitz,136,0.6415094339622641,19,53
Kunitz,137,0.5283018867924528,25,53
Kunitz,138,0.6226415094339622,20,53
Kunitz,139,0.5849056603773585,22,53
Kunitz,140,0.5660377358490566,23,53
Kunitz,141,0.660377358490566,18,53
Kunitz,142,0.5660377358490566,23,53
Kunitz,143,0.5849056603773585,22,53
Kunitz,144,0.5660377358490566,23,53
Kunitz,145,0.5849056603773585,22,53
Kunitz,146,0.6415094339622641,19,53
Kunitz,147,0.5849056603773585,22,53
Kunitz,148,0.5471698113207547,24,53
Kunitz,149,0.7169811320754716,15,53
Kunitz,150,0.6226415094339622,20,53
zf-C2H2,1,0.5217391304347826,11,23
zf-C2H2,2,0.5217391304347826,11,23
zf-C2H2,3,0.4782608695652174,12,23
zf-C2H2,4,0.5652173913043478,10,23
zf-C2H2,5,0.4782608695652174,12,23
zf-C2H2,6,0.5217391304347826,11,23
zf-C2H2,7,0.5217391304347826,11,23
zf-C2H2,8,0.4782608695652174,12,23
zf-C2H2,9,0.5652173913043478,10,23
zf-C2H2,10,0.5652173913043478,10,23
zf-C2H2,11,0.43478260869565216,13,23
zf-C2H2,12,0.6086956521739131,9,23
zf-C2H2,13,0.4782608695652174,12,23
zf-C2H2,14,0.5652173913043478,10,23
zf-C2H2,15,0.6521739130434783,8,23
zf-C2H2,16,0.5652173913043478,10,23
zf-C2H2,17,0.5652173913043478,10,23
zf-C2H2,18,0.5652173913043478,10,23
zf-C2H2,19,0.5652173913043478,10,23
zf-C2H2,20,0.4782608695652174,12,23
zf-C2H2,21,0.6521739130434783,8,23
zf-C2H2,22,0.5217391304347826,11,23
zf-C2H2,23,0.6521739130434783,8,23
zf-C2H2,24,0.6521739130434783,8,23
zf-C2H2,25,0.6086956521739131,9,23
zf-C2H2,26,0.5652173913043478,10,23
zf-C2H2,27,0.5217391304347826,11,23
zf-C2H2,28,0.5217391304347826,11,23
zf-C2H2,29,0.6086956521739131,9,23
zf-C2H2,30,0.5217391304347826,11,23
zf-C2H2,31,0.6086956521739131,9,23
zf-C2H2,32,0.5217391304347826,11,23
zf-C2H2,33,0.5652173913043478,10,23
zf-C2H2,34,0.4782608695652174,12,23
zf-C2H2,35,0.5217391304347826,11,23
zf-C2H2,36,0.5652173913043478,10,23
zf-C2H2,37,0.5217391304347826,11,23
zf-C2H2,38,0.6086956521739131,9,23
zf-C2H2,39,0.6086956521739131,9,23
zf-C2H2,40,0.6521739130434783,8,23
zf-C2H2,41,0.5217391304347826,11,23
zf-C2H2,42,0.5217391304347826,11,23
zf-C2H2,43,0.5217391304347826,11,23
zf-C2H2,44,0.5217391304347826,11,23
zf-C2H2,45,0.5217391304347826,11,23
zf-C2H2,46,0.5217391304347826,11,23
zf-C2H2,47,0.5217391304347826,11,23
zf-C2H2,48,0.5217391304347826,11,23
zf-C2H2,49,0.6521739130434783,8,23
zf-C2H2,50,0.5217391304347826,11,23
zf-C2H2,51,0.5217391304347826,11,23
zf-C2H2,52,0.5217391304347826,11,23
zf-C2H2,53,0.4782608695652174,12,23
zf-C2H2,54,0.5652173913043478,10,23
zf-C2H2,55,0.5652173913043478,10,23
zf-C2H2,56,0.6956521739130435,7,23
zf-C2H2,57,0.782608695652174,5,23
zf-C2H2,58,0.5652173913043478,10,23
zf-C2H2,59,0.5652173913043478,10,23
zf-C2H2,60,0.6521739130434783,8,23
zf-C2H2,61,0.4782608695652174,12,23
zf-C2H2,62,0.782608695652174,5,23
zf-C2H2,63,0.6086956521739131,9,23
zf-C2H2,64,0.6086956521739131,9,23
zf-C2H2,65,0.4782608695652174,12,23
zf-C2H2,66,0.4782608695652174,12,23
zf-C2H2,67,0.4782608695652174,12,23
zf-C2H2,68,0.5652173913043478,10,23
zf-C2H2,69,0.5652173913043478,10,23
zf-C2H2,70,0.6086956521739131,9,23
zf-C2H2,71,0.6086956521739131,9,23
zf-C2H2,72,0.5652173913043478,10,23
zf-C2H2,73,0.7391304347826086,6,23
zf-C2H2,74,0.6521739130434783,8,23
zf-C2H2,75,0.5652173913043478,10,23
zf-C2H2,76,0.5217391304347826,11,23
zf-C2H2,77,0.6521739130434783,8,23
zf-C2H2,78,0.5652173913043478,10,23
zf-C2H2,79,0.5217391304347826,11,23
zf-C2H2,80,0.5652173913043478,10,23
zf-C2H2,81,0.5217391304347826,11,23
zf-C2H2,82,0.5652173913043478,10,23
zf-C2H2,83,0.5652173913043478,10,23
zf-C2H2,84,0.6956521739130435,7,23
zf-C2H2,85,0.6086956521739131,9,23
zf-C2H2,86,0.5217391304347826,11,23
zf-C2H2,87,0.6086956521739131,9,23
zf-C2H2,88,0.4782608695652174,12,23
zf-C2H2,89,0.6521739130434783,8,23
zf-C2H2,90,0.6521739130434783,8,23
zf-C2H2,91,0.6086956521739131,9,23
zf-C2H2,92,0.5652173913043478,10,23
zf-C2H2,93,0.6521739130434783,8,23
zf-C2H2,94,0.5652173913043478,10,23
zf-C2H2,95,0.6521739130434783,8,23
zf-C2H2,96,0.5652173913043478,10,23
zf-C2H2,97,0.5652173913043478,10,23
zf-C2H2,98,0.5217391304347826,11,23
zf-C2H2,99,0.6086956521739131,9,23
zf-C2H2,100,0.5217391304347826,11,23
zf-C2H2,101,0.43478260869565216,13,23
zf-C2H2,102,0.5652173913043478,10,23
zf-C2H2,103,0.5217391304347826,11,23
zf-C2H2,104,0.4782608695652174,12,23
zf-C2H2,105,0.5217391304347826,11,23
zf-C2H2,106,0.6086956521739131,9,23
zf-C2H2,107,0.4782608695652174,12,23
zf-C2H2,108,0.4782608695652174,12,23
zf-C2H2,109,0.5652173913043478,10,23
zf-C2H2,110,0.5652173913043478,10,23
zf-C2H2,111,0.6086956521739131,9,23
zf-C2H2,112,0.5217391304347826,11,23
zf-C2H2,113,0.43478260869565216,13,23
zf-C2H2,114,0.5652173913043478,10,23
zf-C2H2,115,0.5217391304347826,11,23
zf-C2H2,116,0.5217391304347826,11,23
zf-C2H2,117,0.4782608695652174,12,23
zf-C2H2,118,0.5217391304347826,11,23
zf-C2H2,119,0.5217391304347826,11,23
zf-C2H2,120,0.5217391304347826,11,23
zf-C2H2,121,0.5652173913043478,10,23
zf-C2H2,122,0.4782608695652174,12,23
zf-C2H2,123,0.5217391304347826,11,23
zf-C2H2,124,0.5217391304347826,11,23
zf-C2H2,125,0.5652173913043478,10,23
zf-C2H2,126,0.43478260869565216,13,23
zf-C2H2,127,0.5652173913043478,10,23
zf-C2H2,128,0.5217391304347826,11,23
zf-C2H2,129,0.5652173913043478,10,23
zf-C2H2,130,0.5217391304347826,11,23
zf-C2H2,131,0.6086956521739131,9,23
zf-C2H2,132,0.6086956521739131,9,23
zf-C2H2,133,0.5652173913043478,10,23
zf-C2H2,134,0.5652173913043478,10,23
zf-C2H2,135,0.5217391304347826,11,23
zf-C2H2,136,0.5652173913043478,10,23
zf-C2H2,137,0.5652173913043478,10,23
zf-C2H2,138,0.5652173913043478,10,23
zf-C2H2,139,0.5217391304347826,11,23
zf-C2H2,140,0.5652173913043478,10,23
zf-C2H2,141,0.5217391304347826,11,23
zf-C2H2,142,0.5217391304347826,11,23
zf-C2H2,143,0.5652173913043478,10,23
zf-C2H2,144,0.5217391304347826,11,23
zf-C2H2,145,0.5217391304347826,11,23
zf-C2H2,146,0.6086956521739131,9,23
zf-C2H2,147,0.6086956521739131,9,23
zf-C2H2,148,0.5217391304347826,11,23
zf-C2H2,149,0.6086956521739131,9,23
zf-C2H2,150,0.5217391304347826,11,23
PDZ,1,0.5903614457831325,34,83
PDZ,2,0.5421686746987951,38,83
PDZ,3,0.4939759036144578,42,83
PDZ,4,0.5662650602409639,36,83
PDZ,5,0.6626506024096386,28,83
PDZ,6,0.6265060240963856,31,83
PDZ,7,0.5421686746987951,38,83
PDZ,8,0.5783132530120482,35,83
PDZ,9,0.6265060240963856,31,83
PDZ,10,0.5662650602409639,36,83
PDZ,11,0.5060240963855421,41,83
PDZ,12,0.46987951807228917,44,83
PDZ,13,0.5301204819277109,39,83
PDZ,14,0.39759036144578314,50,83
PDZ,15,0.5301204819277109,39,83
PDZ,16,0.5301204819277109,39,83
PDZ,17,0.5421686746987951,38,83
PDZ,18,0.40963855421686746,49,83
PDZ,19,0.4819277108433735,43,83
PDZ,20,0.5903614457831325,34,83
PDZ,21,0.46987951807228917,44,83
PDZ,22,0.4578313253012048,45,83
PDZ,23,0.5301204819277109,39,83
PDZ,24,0.5180722891566265,40,83
PDZ,25,0.7590361445783133,20,83
PDZ,26,0.5542168674698795,37,83
PDZ,27,0.4939759036144578,42,83
PDZ,28,0.5060240963855421,41,83
PDZ,29,0.4939759036144578,42,83
PDZ,30,0.6024096385542169,33,83
PDZ,31,0.43373493975903615,47,83
PDZ,32,0.42168674698795183,48,83
PDZ,33,0.6144578313253012,32,83
PDZ,34,0.5903614457831325,34,83
PDZ,35,0.5180722891566265,40,83
PDZ,36,0.7228915662650602,23,83
PDZ,37,0.5060240963855421,41,83
PDZ,38,0.43373493975903615,47,83
PDZ,39,0.43373493975903615,47,83
PDZ,40,0.42168674698795183,48,83
PDZ,41,0.5421686746987951,38,83
PDZ,42,0.4939759036144578,42,83
PDZ,43,0.5180722891566265,40,83
PDZ,44,0.6265060240963856,31,83
PDZ,45,0.5180722891566265,40,83
PDZ,46,0.5903614457831325,34,83
PDZ,47,0.5301204819277109,39,83
PDZ,48,0.7108433734939759,24,83
PDZ,49,0.5421686746987951,38,83
PDZ,50,0.46987951807228917,44,83
PDZ,51,0.6024096385542169,33,83
PDZ,52,0.6024096385542169,33,83
PDZ,53,0.4819277108433735,43,83
PDZ,54,0.6987951807228916,25,83
PDZ,55,0.5542168674698795,37,83
PDZ,56,0.5180722891566265,40,83
PDZ,57,0.5662650602409639,36,83
PDZ,58,0.5903614457831325,34,83
PDZ,59,0.46987951807228917,44,83
PDZ,60,0.5060240963855421,41,83
PDZ,61,0.6265060240963856,31,83
PDZ,62,0.5060240963855421,41,83
PDZ,63,0.5060240963855421,41,83
PDZ,64,0.5180722891566265,40,83
PDZ,65,0.4578313253012048,45,83
PDZ,66,0.6385542168674698,30,83
PDZ,67,0.5301204819277109,39,83
PDZ,68,0.4457831325301205,46,83
PDZ,69,0.5060240963855421,41,83
PDZ,70,0.5903614457831325,34,83
PDZ,71,0.6024096385542169,33,83
PDZ,72,0.4578313253012048,45,83
PDZ,73,0.6265060240963856,31,83
PDZ,74,0.5783132530120482,35,83
PDZ,75,0.6144578313253012,32,83
PDZ,76,0.5662650602409639,36,83
PDZ,77,0.5060240963855421,41,83
PDZ,78,0.5180722891566265,40,83
PDZ,79,0.46987951807228917,44,83
PDZ,80,0.4578313253012048,45,83
PDZ,81,0.4819277108433735,43,83
PDZ,82,0.4578313253012048,45,83
PDZ,83,0.4457831325301205,46,83
PDZ,84,0.5903614457831325,34,83
PDZ,85,0.6144578313253012,32,83
PDZ,86,0.5783132530120482,35,83
PDZ,87,0.5903614457831325,34,83
PDZ,88,0.42168674698795183,48,83
PDZ,89,0.5662650602409639,36,83
PDZ,90,0.5662650602409639,36,83
PDZ,91,0.5662650602409639,36,83
PDZ,92,0.6385542168674698,30,83
PDZ,93,0.4578313253012048,45,83
PDZ,94,0.5421686746987951,38,83
PDZ,95,0.5903614457831325,34,83
PDZ,96,0.6024096385542169,33,83
PDZ,97,0.4457831325301205,46,83
PDZ,98,0.46987951807228917,44,83
PDZ,99,0.5783132530120482,35,83
PDZ,100,0.4819277108433735,43,83
PDZ,101,0.4578313253012048,45,83
PDZ,102,0.4457831325301205,46,83
PDZ,103,0.7349397590361446,22,83
PDZ,104,0.4578313253012048,45,83
PDZ,105,0.5662650602409639,36,83
PDZ,106,0.5903614457831325,34,83
PDZ,107,0.6144578313253012,32,83
PDZ,108,0.5542168674698795,37,83
PDZ,109,0.6024096385542169,33,83
PDZ,110,0.4819277108433735,43,83
PDZ,111,0.5180722891566265,40,83
PDZ,112,0.5662650602409639,36,83
PDZ,113,0.5301204819277109,39,83
PDZ,114,0.4939759036144578,42,83
PDZ,115,0.46987951807228917,44,83
PDZ,116,0.6506024096385542,29,83
PDZ,117,0.42168674698795183,48,83
PDZ,118,0.5662650602409639,36,83
PDZ,119,0.5662650602409639,36,83
PDZ,120,0.5542168674698795,37,83
PDZ,121,0.6024096385542169,33,83
PDZ,122,0.46987951807228917,44,83
PDZ,123,0.4939759036144578,42,83
PDZ,124,0.6265060240963856,31,83
PDZ,125,0.6385542168674698,30,83
PDZ,126,0.43373493975903615,47,83
PDZ,127,0.5542168674698795,37,83
PDZ,128,0.8554216867469879,12,83
PDZ,129,0.46987951807228917,44,83
PDZ,130,0.6385542168674698,30,83
PDZ,131,0.5060240963855421,41,83
PDZ,132,0.5542168674698795,37,83
PDZ,133,0.6265060240963856,31,83
PDZ,134,0.6024096385542169,33,83
PDZ,135,0.6265060240963856,31,83
PDZ,136,0.5060240963855421,41,83
PDZ,137,0.5301204819277109,39,83
PDZ,138,0.5903614457831325,34,83
PDZ,139,0.5662650602409639,36,83
PDZ,140,0.4939759036144578,42,83
PDZ,141,0.5301204819277109,39,83
PDZ,142,0.5421686746987951,38,83
PDZ,143,0.5542168674698795,37,83
PDZ,144,0.5542168674698795,37,83
PDZ,145,0.6024096385542169,33,83
PDZ,146,0.4939759036144578,42,83
PDZ,147,0.5301204819277109,39,83
PDZ,148,0.6385542168674698,30,83
PDZ,149,0.4578313253012048,45,83
PDZ,150,0.4457831325301205,46,83
Pkinase,1,0.45038167938931295,144,262
Pkinase,2,0.6183206106870229,100,262
Pkinase,3,0.49236641221374045,133,262
Pkinase,4,0.5343511450381679,122,262
Pkinase,5,0.4961832061068702,132,262
Pkinase,6,0.46564885496183206,140,262
Pkinase,7,0.4961832061068702,132,262
Pkinase,8,0.4770992366412214,137,262
Pkinase,9,0.4770992366412214,137,262
Pkinase,10,0.549618320610687,118,262
Pkinase,11,0.5229007633587787,125,262
Pkinase,12,0.4618320610687023,141,262
Pkinase,13,0.46946564885496184,139,262
Pkinase,14,0.5419847328244275,120,262
Pkinase,15,0.5267175572519084,124,262
Pkinase,16,0.48854961832061067,134,262
Pkinase,17,0.5076335877862596,129,262
Pkinase,18,0.46564885496183206,140,262
Pkinase,19,0.5916030534351145,107,262
Pkinase,20,0.583969465648855,109,262
Pkinase,21,0.5648854961832062,114,262
Pkinase,22,0.5190839694656488,126,262
Pkinase,23,0.4618320610687023,141,262
Pkinase,24,0.5801526717557252,110,262
Pkinase,25,0.4541984732824427,143,262
Pkinase,26,0.46946564885496184,139,262
Pkinase,27,0.5305343511450382,123,262
Pkinase,28,0.5152671755725191,127,262
Pkinase,29,0.6106870229007634,102,262
Pkinase,30,0.4770992366412214,137,262
Pkinase,31,0.6374045801526718,95,262
Pkinase,32,0.46946564885496184,139,262
Pkinase,33,0.4580152671755725,142,262
Pkinase,34,0.5381679389312977,121,262
Pkinase,35,0.6030534351145038,104,262
Pkinase,36,0.5305343511450382,123,262
Pkinase,37,0.49236641221374045,133,262
Pkinase,38,0.5954198473282443,106,262
Pkinase,39,0.48091603053435117,136,262
Pkinase,40,0.5534351145038168,117,262
Pkinase,41,0.4961832061068702,132,262
Pkinase,42,0.4732824427480916,138,262
Pkinase,43,0.5076335877862596,129,262
Pkinase,44,0.48091603053435117,136,262
Pkinase,45,0.5458015267175572,119,262
Pkinase,46,0.5458015267175572,119,262
Pkinase,47,0.5725190839694656,112,262
Pkinase,48,0.46564885496183206,140,262
Pkinase,49,0.5916030534351145,107,262
Pkinase,50,0.5152671755725191,127,262
Pkinase,51,0.5076335877862596,129,262
Pkinase,52,0.5992366412213741,105,262
Pkinase,53,0.5343511450381679,122,262
Pkinase,54,0.5,131,262
Pkinase,55,0.5229007633587787,125,262
Pkinase,56,0.45038167938931295,144,262
Pkinase,57,0.6068702290076335,103,262
Pkinase,58,0.44274809160305345,146,262
Pkinase,59,0.5610687022900763,115,262
Pkinase,60,0.5305343511450382,123,262
Pkinase,61,0.5267175572519084,124,262
Pkinase,62,0.49236641221374045,133,262
Pkinase,63,0.48854961832061067,134,262
Pkinase,64,0.5229007633587787,125,262
Pkinase,65,0.4961832061068702,132,262
Pkinase,66,0.4770992366412214,137,262
Pkinase,67,0.5038167938931297,130,262
Pkinase,68,0.5267175572519084,124,262
Pkinase,69,0.5,131,262
Pkinase,70,0.5534351145038168,117,262
Pkinase,71,0.4732824427480916,138,262
Pkinase,72,0.5076335877862596,129,262
Pkinase,73,0.48091603053435117,136,262
Pkinase,74,0.6259541984732825,98,262
Pkinase,75,0.48854961832061067,134,262
Pkinase,76,0.4961832061068702,132,262
Pkinase,77,0.5916030534351145,107,262
Pkinase,78,0.6564885496183206,90,262
Pkinase,79,0.4961832061068702,132,262
Pkinase,80,0.5687022900763359,113,262
Pkinase,81,0.49236641221374045,133,262
Pkinase,82,0.5305343511450382,123,262
Pkinase,83,0.4732824427480916,138,262
Pkinase,84,0.4618320610687023,141,262
Pkinase,85,0.5458015267175572,119,262
Pkinase,86,0.5114503816793893,128,262
Pkinase,87,0.5190839694656488,126,262
Pkinase,88,0.5152671755725191,127,262
Pkinase,89,0.48091603053435117,136,262
Pkinase,90,0.5343511450381679,122,262
Pkinase,91,0.46946564885496184,139,262
Pkinase,92,0.4580152671755725,142,262
Pkinase,93,0.5572519083969466,116,262
Pkinase,94,0.5152671755725191,127,262
Pkinase,95,0.48091603053435117,136,262
Pkinase,96,0.4770992366412214,137,262
Pkinase,97,0.5076335877862596,129,262
Pkinase,98,0.4770992366412214,137,262
Pkinase,99,0.5572519083969466,116,262
Pkinase,100,0.46564885496183206,140,262
Pkinase,101,0.48854961832061067,134,262
Pkinase,102,0.4770992366412214,137,262
Pkinase,103,0.4732824427480916,138,262
Pkinase,104,0.5419847328244275,120,262
Pkinase,105,0.4770992366412214,137,262
Pkinase,106,0.5534351145038168,117,262
Pkinase,107,0.48854961832061067,134,262
Pkinase,108,0.48854961832061067,134,262
Pkinase,109,0.5610687022900763,115,262
Pkinase,110,0.46564885496183206,140,262
Pkinase,111,0.49236641221374045,133,262
Pkinase,112,0.5229007633587787,125,262
Pkinase,113,0.5343511450381679,122,262
Pkinase,114,0.5152671755725191,127,262
Pkinase,115,0.4732824427480916,138,262
Pkinase,116,0.48854961832061067,134,262
Pkinase,117,0.44656488549618323,145,262
Pkinase,118,0.46946564885496184,139,262
Pkinase,119,0.49236641221374045,133,262
Pkinase,120,0.5458015267175572,119,262
Pkinase,121,0.5190839694656488,126,262
Pkinase,122,0.48091603053435117,136,262
Pkinase,123,0.5152671755725191,127,262
Pkinase,124,0.5229007633587787,125,262
Pkinase,125,0.6068702290076335,103,262
Pkinase,126,0.46564885496183206,140,262
Pkinase,127,0.5190839694656488,126,262
Pkinase,128,0.7213740458015268,73,262
Pkinase,129,0.4847328244274809,135,262
Pkinase,130,0.5725190839694656,112,262
Pkinase,131,0.5916030534351145,107,262
Pkinase,132,0.5992366412213741,105,262
Pkinase,133,0.49236641221374045,133,262
Pkinase,134,0.5305343511450382,123,262
Pkinase,135,0.5229007633587787,125,262
Pkinase,136,0.4847328244274809,135,262
Pkinase,137,0.4961832061068702,132,262
Pkinase,138,0.4770992366412214,137,262
Pkinase,139,0.4580152671755725,142,262
Pkinase,140,0.49236641221374045,133,262
Pkinase,141,0.4732824427480916,138,262
Pkinase,142,0.5381679389312977,121,262
Pkinase,143,0.48854961832061067,134,262
Pkinase,144,0.5687022900763359,113,262
Pkinase,145,0.5,131,262
Pkinase,146,0.4541984732824427,143,262
Pkinase,147,0.4732824427480916,138,262
Pkinase,148,0.5,131,262
Pkinase,149,0.48091603053435117,136,262
Pkinase,150,0.5343511450381679,122,262
Defensin_beta,1,0.5555555555555556,16,36
Defensin_beta,2,0.6944444444444444,11,36
Defensin_beta,3,0.7777777777777778,8,36
Defensin_beta,4,0.6111111111111112,14,36
Defensin_beta,5,0.7222222222222222,10,36
Defensin_beta,6,0.6111111111111112,14,36
Defensin_beta,7,0.5833333333333334,15,36
Defensin_beta,8,0.5,18,36
Defensin_beta,9,0.7222222222222222,10,36
Defensin_beta,10,0.6388888888888888,13,36
Defensin_beta,11,0.7777777777777778,8,36
Defensin_beta,12,0.6388888888888888,13,36
Defensin_beta,13,0.7222222222222222,10,36
Defensin_beta,14,0.6111111111111112,14,36
Defensin_beta,15,0.7222222222222222,10,36
Defensin_beta,16,0.6388888888888888,13,36
Defensin_beta,17,0.7222222222222222,10,36
Defensin_beta,18,0.6666666666666666,12,36
Defensin_beta,19,0.6944444444444444,11,36
Defensin_beta,20,0.6944444444444444,11,36
Defensin_beta,21,0.5833333333333334,15,36
Defensin_beta,22,0.75,9,36
Defensin_beta,23,0.5833333333333334,15,36
Defensin_beta,24,0.6666666666666666,12,36
Defensin_beta,25,0.6388888888888888,13,36
Defensin_beta,26,0.6666666666666666,12,36
Defensin_beta,27,0.7222222222222222,10,36
Defensin_beta,28,0.6388888888888888,13,36
Defensin_beta,29,0.5833333333333334,15,36
Defensin_beta,30,0.6666666666666666,12,36
Defensin_beta,31,0.5277777777777778,17,36
Defensin_beta,32,0.5833333333333334,15,36
Defensin_beta,33,0.6111111111111112,14,36
Defensin_beta,34,0.7777777777777778,8,36
Defensin_beta,35,0.5277777777777778,17,36
Defensin_beta,36,0.8055555555555556,7,36
Defensin_beta,37,0.5555555555555556,16,36
Defensin_beta,38,0.4722222222222222,19,36
Defensin_beta,39,0.5833333333333334,15,36
Defensin_beta,40,0.6388888888888888,13,36
Defensin_beta,41,0.6666666666666666,12,36
Defensin_beta,42,0.5833333333333334,15,36
Defensin_beta,43,0.6944444444444444,11,36
Defensin_beta,44,0.8611111111111112,5,36
Defensin_beta,45,0.5555555555555556,16,36
Defensin_beta,46,0.6666666666666666,12,36
Defensin_beta,47,0.5833333333333334,15,36
Defensin_beta,48,0.6111111111111112,14,36
Defensin_beta,49,0.6666666666666666,12,36
Defensin_beta,50,0.5,18,36
Defensin_beta,51,0.6388888888888888,13,36
Defensin_beta,52,0.75,9,36
Defensin_beta,53,0.5555555555555556,16,36
Defensin_beta,54,0.7222222222222222,10,36
Defensin_beta,55,0.6944444444444444,11,36
Defensin_beta,56,0.6666666666666666,12,36
Defensin_beta,57,0.6388888888888888,13,36
Defensin_beta,58,0.6944444444444444,11,36
Defensin_beta,59,0.5833333333333334,15,36
Defensin_beta,60,0.6388888888888888,13,36
Defensin_beta,61,0.5555555555555556,16,36
Defensin_beta,62,0.6666666666666666,12,36
Defensin_beta,63,0.6666666666666666,12,36
Defensin_beta,64,0.6111111111111112,14,36
Defensin_beta,65,0.75,9,36
Defensin_beta,66,0.6388888888888888,13,36
Defensin_beta,67,0.7222222222222222,10,36
Defensin_beta,68,0.6111111111111112,14,36
Defensin_beta,69,0.6111111111111112,14,36
Defensin_beta,70,0.6111111111111112,14,36
Defensin_beta,71,0.6388888888888888,13,36
Defensin_beta,72,0.6388888888888888,13,36
Defensin_beta,73,0.6111111111111112,14,36
Defensin_beta,74,0.5833333333333334,15,36
Defensin_beta,75,0.6388888888888888,13,36
Defensin_beta,76,0.7777777777777778,8,36
Defensin_beta,77,0.5277777777777778,17,36
Defensin_beta,78,0.5833333333333334,15,36
Defensin_beta,79,0.6388888888888888,13,36
Defensin_beta,80,0.6111111111111112,14,36
Defensin_beta,81,0.6388888888888888,13,36
Defensin_beta,82,0.5555555555555556,16,36
Defensin_beta,83,0.5833333333333334,15,36
Defensin_beta,84,0.5833333333333334,15,36
Defensin_beta,85,0.5833333333333334,15,36
Defensin_beta,86,0.5555555555555556,16,36
Defensin_beta,87,0.75,9,36
Defensin_beta,88,0.6666666666666666,12,36
Defensin_beta,89,0.5833333333333334,15,36
Defensin_beta,90,0.6666666666666666,12,36
Defensin_beta,91,0.5833333333333334,15,36
Defensin_beta,92,0.8888888888888888,4,36
Defensin_beta,93,0.5277777777777778,17,36
Defensin_beta,94,0.6666666666666666,12,36
Defensin_beta,95,0.6388888888888888,13,36
Defensin_beta,96,0.75,9,36
Defensin_beta,97,0.6944444444444444,11,36
Defensin_beta,98,0.6111111111111112,14,36
Defensin_beta,99,0.6666666666666666,12,36
Defensin_beta,100,0.6666666666666666,12,36
Defensin_beta,101,0.5277777777777778,17,36
Defensin_beta,102,0.75,9,36
Defensin_beta,103,0.6944444444444444,11,36
Defensin_beta,104,0.6388888888888888,13,36
Defensin_beta,105,0.6111111111111112,14,36
Defensin_beta,106,0.6944444444444444,11,36
Defensin_beta,107,0.6666666666666666,12,36
Defensin_beta,108,0.5277777777777778,17,36
Defensin_beta,109,0.6666666666666666,12,36
Defensin_beta,110,0.6111111111111112,14,36
Defensin_beta,111,0.75,9,36
Defensin_beta,112,0.6111111111111112,14,36
Defensin_beta,113,0.6111111111111112,14,36
Defensin_beta,114,0.6388888888888888,13,36
Defensin_beta,115,0.6111111111111112,14,36
Defensin_beta,116,0.5555555555555556,16,36
Defensin_beta,117,0.6388888888888888,13,36
Defensin_beta,118,0.6111111111111112,14,36
Defensin_beta,119,0.6111111111111112,14,36
Defensin_beta,120,0.8055555555555556,7,36
Defensin_beta,121,0.5833333333333334,15,36
Defensin_beta,122,0.6944444444444444,11,36
Defensin_beta,123,0.7222222222222222,10,36
Defensin_beta,124,0.8611111111111112,5,36
Defensin_beta,125,0.5555555555555556,16,36
Defensin_beta,126,0.75,9,36
Defensin_beta,127,0.8611111111111112,5,36
Defensin_beta,128,0.6666666666666666,12,36
Defensin_beta,129,0.6666666666666666,12,36
Defensin_beta,130,0.5833333333333334,15,36
Defensin_beta,131,0.6111111111111112,14,36
Defensin_beta,132,0.6388888888888888,13,36
Defensin_beta,133,0.6111111111111112,14,36
Defensin_beta,134,0.7777777777777778,8,36
Defensin_beta,135,0.75,9,36
Defensin_beta,136,0.8611111111111112,5,36
Defensin_beta,137,0.7222222222222222,10,36
Defensin_beta,138,0.6666666666666666,12,36
Defensin_beta,139,0.7222222222222222,10,36
Defensin_beta,140,0.7777777777777778,8,36
Defensin_beta,141,0.6666666666666666,12,36
Defensin_beta,142,0.6388888888888888,13,36
Defensin_beta,143,0.75,9,36
Defensin_beta,144,0.7222222222222222,10,36
Defensin_beta,145,0.8611111111111112,5,36
Defensin_beta,146,0.5555555555555556,16,36
Defensin_beta,147,0.5833333333333334,15,36
Defensin_beta,148,0.8333333333333334,6,36
Defensin_beta,149,0.5555555555555556,16,36
Defensin_beta,150,0.7222222222222222,10,36
